"a","h"
0.000874881101619643,3.08600925767186
0.0010716668489494,35.3420013958612
0.000934235654709187,12.8621772046191
0.00129892057771741,38.6018145333287
0.0012675466749085,33.8824550099984
0.000712162145136749,24.7968129371
0.0017896106965117,5.88978170296925
0.00174051128969901,12.4952187066961
0.00163547954111525,0.307711828553405
0.000306425427514482,40.2129119175581
0.000143883296804621,9.90308187899353
0.00143066282671813,26.784058312684
0.00194374894489453,32.5739610898588
5.84956750360252e-06,25.4519866820578
0.00176964113616955,25.8010638453626
0.0013762307809854,40.1392240557686
0.00188555236455196,35.8993074328984
0.000191292080256166,34.6990304921522
0.000628859851745753,11.3858367665848
0.00159991333655851,1.67236206852634
0.00123203428322646,1.86300405827553
0.00192621181618777,10.2838710651748
0.0014308799065518,15.8145590576615
0.000275093475622223,9.34759354260139
0.00160641189101428,10.9836433934792
0.00141282440757524,28.1333995147023
0.000140486398143257,4.22063249187729
0.00183184836991585,0.912980091148888
0.001241975211993,36.7578141471176
0.00146579184118028,39.1508234316218
0.000584596529452641,30.4666915048735
0.000882434356534813,23.229330362105
0.00128784388009618,10.3064165985755
0.00106140779816288,18.4449675572523
0.000353483764846929,7.80353748624986
0.000853659073716258,6.17985229004368
0.000210149664835009,5.20587901807687
0.000172463339480781,28.9528265123173
0.000513018148190131,31.090415623518
0.00171450264997424,8.77750850515434
0.000482759917212093,6.01923585867406
0.000926911501009581,22.8646570468633
0.000258238969090356,37.8954417642241
0.00148608588675244,36.9052237234318
0.000580074543791754,10.8675955267138
0.000574461152165524,32.1445173347813
0.000317557584015711,40.1045096001205
0.00125518245389032,7.09017357829493
0.000462673827207642,14.3165204080671
0.000759519460343464,38.901513923125
0.00196668889932354,20.9666727662498
0.000364579261653674,20.5307133063429
0.000945439551020683,21.6284260117813
0.000601744947112703,35.2176504452964
0.00123391735406417,24.624190012238
0.0018976079039151,34.9688733789778
0.00170659439757268,29.4856339706351
0.00163322752457979,26.3848234565675
0.001647785112028,7.61585011323063
0.000732941670192,17.9724369384605
0.00075877002996061,5.71447846698428
0.000150915593103216,33.8010043828392
0.000425717476572708,4.92134212251636
0.000428569455856207,35.5008894444143
0.00156511211582911,0.633303514927867
0.00180821155282356,22.6099159635899
0.000204245192769914,17.7836464074249
0.000928816120177759,31.9437569935164
0.000142799647175424,31.1442174080032
0.00151801645911734,19.0669830689091
0.00158751960518032,1.60274892678385
0.00022114481578944,6.64290542102326
0.000907713354589513,17.647958813949
0.00167742055928552,33.082210509438
0.000451587596682346,35.1674768390486
0.00192548945304045,1.10399731044466
0.000481464989769024,29.5341973189064
0.00175499658072787,35.62083147384
7.87940868972319e-05,8.08956153548979
0.000265134135693131,18.4103185161454
6.65454316685082e-05,34.7685451239504
0.00045101565817097,33.1648792954594
0.00194933204186876,35.442068026362
0.00021379816637863,11.6380736657305
0.000640002064775897,37.1806852744083
0.000150112008550377,35.5983721248072
1.94593605439709e-06,26.332418353002
0.000567109137776119,29.9497265680199
0.000158406992944108,13.2569727137882
0.00181831804645126,33.5889005637429
0.0011540204568999,16.7471482982462
0.00191172936455242,33.5844488722859
0.00144270125138267,32.2862120563292
0.00115754766301635,31.5162421532705
0.000259723886683959,17.1886978330255
0.000515466083793633,15.5793805479133
0.00158181204171053,36.9424611166381
0.0015584529569757,15.5328789126187
0.000504368726125898,4.17317985600776
1.0494032817573e-06,22.6262770585922
0.00190802868193785,3.7370407948455
0.000226376850480611,2.63560161895833
0.000399881443386672,28.9194038376569
0.000491558805994908,1.9466383193775
0.000649946308000641,28.7099502541414
0.000585646264867392,37.0466755970457
0.00149621102380674,3.29041386100995
0.000969767953297537,1.39360233721252
0.000630593863586757,27.5605892184852
0.000395415619353392,0.359287303444345
0.00191989268913714,4.51451506163635
0.0010506198949893,34.9355633953012
0.00152181063694039,27.8906703587775
0.00025550645644105,34.9530351175055
0.00135586734756268,2.31509071123362
1.90132986044958e-05,5.54403919499848
0.00125159262581596,1.76186219637145
0.00167339444680889,30.4405380329299
3.05027921827272e-05,28.9604525035493
0.000620480939406198,34.4946336798658
0.00028603417142546,35.4503800561442
0.000553992859546698,11.2598370571841
0.00178873785925206,22.6780089982496
0.000454654050502511,13.2643228752829
0.000771849808835612,11.9354365730773
0.00128266430821636,27.3135503518975
0.00160420792060853,33.243545828628
0.000588183307400837,21.0044118255601
0.000765670214749324,33.8236525820429
0.000595153770156533,35.709438158333
0.000952683630891528,10.228073625986
0.000454726826567716,18.382513454838
0.00178980795144154,7.58935436514387
0.000120586201371606,22.0919207903134
0.000708818126170906,20.538155294328
0.00143571295697922,28.8068483595228
0.00126590447424717,13.9281327407344
0.00145246964003706,2.32340844940483
0.000873422829796256,26.8915286764434
0.000894618226589088,29.0462846932334
0.0012796230277865,21.3365993235436
0.000510242220490319,30.4721758656821
0.00190112856953122,4.65579747277552
0.00108666068689941,11.8932668098697
0.00169089610508633,19.4919107025199
0.000963405811588446,0.840894431217944
0.000172066564703128,3.65488799796719
0.000323474745393598,26.9482680376912
0.00159756957985112,3.11165177672935
0.00161368869949931,26.6523053044574
0.000935534602106758,2.94016583421882
3.6598518336187e-05,8.55802618141775
0.00177402060699899,36.7890734369962
0.00107998765725598,7.86991678299825
0.000225932260921053,26.1800833078733
0.000623497555869058,40.6212372648962
3.05340914797617e-05,9.35530162860922
0.00125605892995321,7.33223100924217
0.00179227326836627,2.83516777091497
0.00161321332693773,27.0841714991529
0.00176086309434395,8.68862657785621
0.00119326682695641,28.037791940711
0.000764551464389194,37.5269941056922
0.00191138582267654,22.2774563657287
0.00170677300678536,27.1658720742323
0.000536666384243785,31.0275492296282
0.00192215715035226,8.47212921145802
1.27240030521239e-05,36.1827642027984
0.000717601457386212,11.8006158879378
0.00158786600706485,12.6562953875825
0.000158916582075689,6.31972169029449
0.00152199715504133,17.3172202811849
0.000785458009928186,23.9585275047419
0.00138860466501216,9.93360791067932
0.0012452618654064,7.46768657516333
0.00122765223092197,34.6514250267093
0.000849857764883317,17.4244619212499
0.00160808075622851,2.05246819815173
0.00112288430450781,20.4839894509415
0.00038021379147708,18.2755742741925
0.0012233790202027,25.8693661876206
0.00184181751670147,10.9536614952825
0.000772690946864273,1.97923983801368
0.000527268081992181,35.8156232068256
0.00189891311511186,5.45827374518635
4.56513550892458e-05,38.7590153505864
0.00109777322327398,16.9785399971281
0.00194332038567661,23.0959256982481
0.00113352291138139,8.76802140869385
0.00170955951189024,23.7640500266199
0.000185199972290815,21.3546256682835
0.00187052843581089,6.60506864696712
0.00131634239168144,40.5078475856962
0.0018976347517138,32.5229780283644
0.000156902847827952,12.0929430873484
0.00123899672393962,7.97700175949722
0.00168725893821101,11.4920703979176
0.00022014721334362,37.7179600062865
0.00166951229680544,15.6540395931724
0.000680641627829968,16.5228660997208
0.00125078885618488,30.3268759509194
0.000626677663308866,6.38766816230206
0.00075451768956239,16.827196848496
0.0013794398059851,6.28597077853072
0.000642415940026434,18.8351374726315
0.00172657511666717,28.3334887179219
0.00189744459526771,30.032770015589
0.000742764209809578,28.1261784214933
0.000657457519918153,38.1842350069498
0.00156076190431296,31.7791536073979
0.00144558163788653,33.698666362564
3.88020732321016e-05,11.3067497816898
0.000400317306323631,34.7080971179529
0.000695124595760334,38.2182725120303
0.00111159086285082,7.4800697181995
0.000334716319329937,37.4642138583038
0.0012901524682717,27.0306635215705
5.20804822966004e-05,27.8001710167166
0.00167237634648908,5.99285289623752
0.00133259991275123,11.8132655549958
0.00124522484288525,22.0025396487732
7.79282216817682e-05,4.86404088728009
0.00173666730979347,3.50961065169449
0.00110142252422736,39.9134453031818
0.00104135735908484,15.1605725345586
8.02516339835218e-05,9.14216411776331
0.000241423388545273,24.6424963520406
0.000657234344871413,0.169866558684867
0.000940743294949294,8.55475638209265
0.0014502791212466,11.3161679325492
0.00011049409116402,20.8501055023478
0.000807951232196244,14.0020751228355
0.000637258504237956,24.2864260429561
0.00128576101087707,26.0971037317817
0.00145767792561583,17.6696182595836
0.000674257885565354,28.3929122526854
0.0010181680117178,11.2124876551165
0.000962882181248263,7.35743047021657
0.000819854918064397,2.31126409311041
0.00144406691719777,29.7770232523789
0.000433301978101748,9.07042985982468
0.00141681027286295,9.33491560813093
0.00101823524551411,12.1675770649223
0.0012658960870874,12.3844333971649
0.001058250921708,8.70677761729019
0.000711920143875735,36.1919757724543
0.00141501168291524,5.3656927533869
0.000395938283988265,34.7199340353706
0.00182902220675726,38.2593106131429
0.000250161753992582,8.81234656683181
0.000944445638228829,29.9985991159645
0.00180654754270651,20.2486181055633
0.00190460472932627,31.7031741729393
0.000971667427840181,1.26827551718716
0.000103240675378327,24.6753862058568
0.000465089399772303,26.9967902060416
0.00166749674613382,26.6573287436172
0.00185588785451227,23.0310629585893
0.000280241575495853,24.9629203843321
6.68240962889222e-05,7.98791923814607
0.000828723298689758,34.737510950973
0.000605833096076946,36.1335761030593
0.000401424964358023,16.3021979362599
0.000841351059679019,29.2379533788789
0.000450337531015289,39.2697546028541
0.00139345321070352,18.7160792021765
0.000986134403910518,26.8933942120633
0.00168250027870231,9.4772010390786
0.000441442499122338,15.4498393179756
0.000536668378874201,38.0734971631942
0.00145387858621701,35.9580671094692
0.000896485864466421,3.03031300748888
0.00140666439650834,22.1982794760728
0.00126421576534642,22.5184632542919
8.71979243290421e-05,33.1249241221352
0.00157292120614615,31.2386189972422
0.000802510939581808,38.9496608051289
0.000528536752604221,33.0321253027538
0.000482825151338726,31.5265376257797
0.000477218597071008,36.2674875734103
0.00124640014976766,25.5167141811761
0.0016510556572203,11.9134794297474
0.00162526534248434,28.9918201013534
8.15512062492343e-05,0.362525654563132
0.000207043259309755,31.7340083251005
0.00187540553302867,28.6568826745139
0.000911197395327845,15.8958638984337
0.00100347097284962,21.1816405399834
0.000300651743008441,33.5371582581055
0.00168287242341343,0.383104084672171
0.00101533622337159,20.4469653602591
0.0016696807638218,0.94486292076426
0.000205287390827238,22.6770684393879
5.25919391608886e-05,36.6514040195902
0.000849576938420705,21.6472312439599
0.000747081452659554,5.40879651506879
0.00174114241339352,23.1434595390284
0.000970033940058021,15.6566818389019
0.000299640230832872,8.40129770258697
0.00159866901656318,27.5164254667041
0.000396600021640554,6.08958668900089
0.00125021439575332,14.2403959445535
0.000736442379883552,12.3096662617132
0.00136041484745103,21.6185932217176
0.000687217956379835,35.1887913389451
0.000231768855539005,1.80940737819671
0.00070862198583357,35.8809900644503
0.00157508239965485,27.7047296297397
0.000917204498320245,5.55983950467695
0.00160078957027885,16.2246841284791
0.000174228050946974,35.9780946279688
0.00170091037706379,11.9251009619785
0.00166617228908993,27.509798983154
0.000476312442520089,1.92490012069411
0.0011167256732817,7.37039686293346
0.00045948223254742,17.4153262267818
0.000361097449642253,30.8951568723619
0.00167732989522448,24.8151162286418
0.00142860230752982,0.544784614666407
0.00173182732671973,23.3814344115436
0.00101194196482393,24.7738837393688
0.000850555297309966,20.0427083145804
0.00176196021253866,25.8778786358181
0.00195200589937338,22.1937738436526
0.000937199350246223,3.36226163353075
0.00143880965276821,39.4308132213751
0.000439658481337903,16.8721172789582
0.00132035393336914,3.48723220463976
0.0011249758490407,37.0429997352999
0.000537319742524245,10.1732684430263
0.000473557468518164,20.2225774950031
0.000165955868743029,23.2729304601677
0.00188170233936783,19.4380979556557
0.000391550389808012,11.9558600909503
0.000270095299207305,12.1602344862131
0.000286738602139845,31.5566603687727
0.00183452814763381,29.9369135728753
0.00090690548162709,10.8292198068919
0.00119386533152609,34.3376479353954
0.00191520859600501,0.352784179790807
0.000116894762132761,31.0628591185336
0.000809367056965006,14.4309322202389
0.000861065026045618,10.3898299554347
0.00180930999405286,38.934976897308
0.000672422497114472,34.2221160388398
0.000392612025662432,25.4353016667438
0.00116571655415003,27.2422352392879
0.000244734997744599,15.6491616374668
0.00144910537607642,21.0086438434387
0.00113928227935203,12.4618935385153
0.00048880929134316,32.4302913982343
0.000899542903576048,38.0201657670063
0.000641597626635169,35.535621602695
0.000672000636904499,18.7350565001582
0.00111422791864547,25.4772957478886
7.49199424442052e-05,28.5803947106312
0.000868891216401601,28.5147061857572
0.001810477648133,27.9501939749489
0.000589119999404422,38.991175996926
0.00135356010212068,39.0927594022494
0.00189308803932422,15.0740042845538
0.000579635991264723,27.2568137170444
0.00143332640367586,16.0078444102046
0.00126679642633319,28.0445632355833
0.000822897549931958,28.7546116865674
0.00107501624709538,18.8761167763903
0.00174121333409511,25.1874124205881
0.00178819543476562,6.01474808981963
0.00111376673892838,2.674255715046
0.000967116886071725,1.80435273696346
0.000908372607428899,18.1226540197869
0.00175477868545044,28.0328419059437
0.000190756993847352,29.9146512247977
0.001715593809474,38.3401669998424
0.00144128017249901,24.7717649141016
0.000375953098735785,29.0187162224052
0.000166401445081163,26.2181788906328
0.00046826345643615,24.8616201264653
0.00142746736786233,34.8030420549492
0.00169737726630989,11.2364922925171
0.00143481560967905,36.2662383544743
0.00159417661089571,35.6613359778433
0.00159402194503597,0.164618532756072
0.00164042196316633,21.5520083756303
0.00120217281786379,22.1261118822991
0.00164381487898046,21.2020962065946
0.000635941437496743,14.7367010191877
0.00122045947269933,39.548186513597
0.00153317964274727,14.8595875360294
0.00112597538243902,26.8171373101372
0.000710578082866982,20.2961176297429
0.00164398242839353,32.5329924739462
0.000463067490471793,4.73729410784636
0.000565725640313269,12.3230757219798
0.0017397395390628,19.30926261583
0.000407806077961791,25.7043405321791
0.00190212888493095,36.4250299662792
0.000434151896810516,21.9944217515519
0.00188166240644544,6.69736060305457
0.00015763818431904,12.6809068276854
0.000495780103640199,0.550514843269832
0.000275672934082677,28.6494531919714
0.00139624892803234,39.023095651804
0.00185551656784956,36.8352982390887
0.00150709286426927,17.8458747208059
0.000666620916185703,8.47532804878597
0.000600677300338282,38.4714687708016
0.000738517914689946,12.3566029747062
0.0013863173649581,36.8169510696311
0.00161152759119991,35.615473786255
0.000489392446787411,28.8401429409623
0.00141519875029544,15.7687269132155
6.11818846811867e-05,31.6970571844114
0.0012756930107761,5.03330402285628
0.000568059418829321,14.9774026935367
0.00166356506296108,26.217945518814
0.000546265679181224,33.0558237792753
0.000928325089721599,33.8453020971632
0.00112020485938096,39.6937703047483
0.00182974896368049,27.3847094730732
0.000123045088659703,35.1198700861415
0.0014303642835945,8.40374121496442
0.00179087960167835,4.31366937853519
0.000668082024653907,14.2703127690084
0.000983981389119511,16.0042101070457
0.0013067016506695,32.3867660014949
0.000653913393343637,28.0083765740938
0.000359523333495813,0.958083758059527
0.00093344859388728,2.29246044186216
0.00040884283636786,22.623612831305
0.00150976949107588,28.5260169468513
0.000136702134375518,3.44384670603188
0.000898271399525991,28.4142901885934
0.000283469220100197,22.1971137529765
0.00178842895816019,11.3092748208441
0.000307442585950932,15.612817971612
0.00162597731559541,35.0638151635801
0.000523357763446011,24.5984641961404
4.93478161789458e-07,25.3781170511504
0.000786358481569066,40.6128473908634
0.000605658532931296,5.18304552816206
0.000497182139621434,11.9837573384809
0.000911793545189128,9.70278374684159
0.00150106852334547,38.0432439697848
0.00127867866144926,15.6568449303222
0.00162343752804004,18.2386162228501
0.000252400363349867,25.6061155718774
0.00115079835731314,11.8284962469674
0.00159939330058449,13.0903373589025
0.000943406591540966,4.96130903448467
0.000261521769761038,16.6939726662927
0.00131578320799323,14.2121765091079
0.00101276338698001,4.79348719614256
0.000335274394381128,28.6884705328286
0.00106722016448069,24.8343046518183
0.000297899460887161,30.5500534578314
0.00187301390290072,28.0744032097856
0.000818232620644472,21.8165353606574
1.94382588751087e-05,28.017526515868
0.000921745783427657,18.1035015698747
0.00121911255521904,14.1207769077079
0.000268774052171525,19.5096492516788
0.00119846130130004,5.65744007324361
0.00152875298337841,28.7547191330278
0.000282473945792129,28.5176755041922
0.00131432287648717,7.18357817798051
0.000267526311893533,25.3127372810172
0.0018029978738631,30.6547503870465
0.00171029293575341,34.3993048040063
0.00101505229364153,35.552495790046
0.000787406780336829,24.2995516931007
0.000446859119129489,11.1252621735729
0.00088248005345351,35.1023269759408
0.00099385211275926,27.2669362717521
0.00102479002435916,26.4814919199896
0.00194071266249356,34.3738026942794
0.000335721475167191,1.04811675408203
0.000632063477408269,20.0341158637364
0.00179531937274154,10.4639414781446
0.000384961908855516,36.5267309284436
0.000474962125830415,0.546270509281573
0.000740191893836045,38.3154412404923
0.000839857851129682,38.3032889322132
0.000285912139350217,15.5778034800064
0.00191996323372674,37.647696884458
0.000525993000068088,35.9307123387643
0.000625527587539176,7.47018302503919
0.000100305229012163,5.11796290665863
0.00178170533572869,19.5121160425449
7.73072406416974e-05,31.1028687629532
0.00134654046444121,0.366100857435486
0.00142540683996985,31.7111891676915
0.00166970216830433,20.4616569076653
0.000388858672710655,7.97357079994805
0.0010325905525167,24.0735222163284
0.000742795691436173,31.3264011839841
0.00185640040901884,40.3682539110496
0.00117780416885613,6.06673953871229
0.0015661846676352,9.95144656964611
0.00172329225460914,8.8353445397643
0.000166212611669674,21.7833649437797
0.00131437095560112,34.7544741342866
0.00193436203457553,22.3776212979075
0.00123377925454001,20.0124621454242
0.00070969701649707,18.5991336131338
0.000384526131127849,29.2822351135002
0.00131012567657939,6.0771603875142
0.00107091282825952,17.955945819041
0.000702133825995206,31.8028167354539
0.00187039929563148,19.0973041003216
0.00080926478840625,15.0665901663818
0.00181547983579825,1.35021243661308
0.000283612849524162,23.6518139721394
0.000469986216069464,37.8900563488256
0.00157068804102127,27.034952689606
0.000742839777166268,4.33087523938301
0.00019457000109148,38.8844128675427
0.00182687814306494,14.4273976103553
0.00144422337062018,19.8459723591925
0.00159613720432267,36.4500337042958
0.0016909473561849,26.0916308161511
0.000719417398419594,34.3520998440615
0.00177284395967362,13.8613853712257
0.00042671085153817,12.0966922209536
0.000326678843830251,4.2558533469535
0.000943114483093223,21.6278028980438
0.00101665940685725,23.617071731878
0.000471816020563032,4.24408476927128
0.000401567005040996,15.7820022216062
0.00191021312383983,32.5081006695814
0.00115166301906188,38.4587074351578
0.000641031805784466,20.0605911354625
0.00150906878070913,10.4371207684148
0.000716789758709824,4.99585528672214
0.00109895280390632,39.8985406331179
0.00106603549328033,27.4404508318363
0.00146038093431872,31.2681696422665
0.00176732596580528,26.4948607967341
0.000549016800440429,16.4258781842451
0.00116732762684914,24.652641834971
0.000553577964509174,36.3216387718917
0.000768764731745885,26.5351109413588
0.000217096275860661,13.0882707422018
0.000691529409120984,19.2933846796339
5.37447581200435e-05,30.9500164790838
0.00156035969263274,32.6831086881329
0.00147431512783793,20.1678351895228
0.00151113670760847,13.5594581761046
5.37104238146244e-05,14.7813916846242
0.000335369389914509,21.7293930341543
3.04125944822234e-05,6.44763012216561
0.00183517965650614,16.8860275438638
0.000744388012135548,0.911921984912776
0.00117439115189514,32.4698252110338
0.000615635631209825,13.998443905804
0.00152885981338298,12.6357028332339
0.00123668465913337,9.03901690730759
0.000629574315625215,16.1955986556288
0.000949612748478751,32.1609210486352
0.00141719866322952,6.28226940416716
0.00118085855777353,19.0621521813798
0.00126950229321228,5.96184848640308
0.00080712216136092,32.9494441154228
0.000304917956945366,32.4902027683283
9.60989479011875e-07,12.0260211055081
0.000485791804462801,35.1036924737204
0.00170160115505064,0.303332301357921
0.00165272371935986,33.9682751107723
0.00026940932867373,10.1816779130215
0.000350941468198592,38.7676808176903
0.00188073968464271,18.5332966038781
0.00191124832740537,24.2318632440646
0.00101073258292889,33.6795418487315
0.00168978866511443,27.2255081920545
0.00157725078830946,8.34748998251314
0.000844454594658984,0.301066866105396
0.000877882611299636,17.2059532707115
0.00103084266851133,30.7926269725882
0.00063372668994802,17.3263099298748
0.00121578659283516,32.2508295771632
0.00144825383793299,33.0662781589462
0.000171209701437062,36.432463453214
0.000942071563505604,18.3269414922831
0.000251794249956908,20.2066448699786
0.00166647888953091,39.4016391406949
0.000396310091527131,30.4517989331864
0.000367726013778692,40.0718093064739
0.00194263854962616,40.111970862202
0.000684280848890592,14.170064359923
0.000571444833935187,40.1633774615504
0.000767599431457909,33.905420767926
0.000753834505739155,37.873998006709
0.00133156917992482,22.4103172368958
0.00161485978165005,36.5551164183706
0.00105128674519911,24.1776283509439
0.00104394395036348,28.6972229321657
0.00169331093046629,28.8404152301731
0.00174603389174084,19.7913085416949
0.000502810209693498,12.4004754282462
0.001946744645683,17.8506642485479
0.001340205347363,1.17644790020862
0.00148214398762695,18.8554604546974
0.00141567549994912,7.04496794611331
0.00066046682579025,26.7898539274286
0.00107592371139558,34.9513041313607
0.000187690187279043,32.6439306035841
0.00187142158998929,13.5159012175591
0.00182303683030186,26.1915110956762
0.00165501826586866,4.02539613881156
0.000784347455694095,14.822175274892
0.00182276153328094,14.0073616401571
0.0018868451164094,13.4345468472819
0.00120479539311806,10.7212084052375
0.00151135395144712,1.1918578526362
0.000296289514233432,25.1545639265592
7.2204938013834e-05,10.2974341218133
0.00172257206155008,37.9337672634757
0.00176066248326747,39.2097810179462
0.00118074847927923,23.5626001536115
0.000797566478005096,32.8217119525468
0.0010297081393144,34.2537670681
0.000614949928215102,21.7913518888523
0.00112758319931856,17.4537580554293
0.00125934373029357,8.96093775127844
0.00176749098184531,40.4820540641285
0.000265039224910927,26.7309277798439
0.000708925283269205,7.54021579490973
0.000851847789416496,36.6616504453935
3.62820904235223e-05,9.21970339082852
0.000114771102400963,40.0465850334138
0.00189952729269389,35.5995917226001
0.001458034406935,18.6352648095297
0.00152535275788974,16.5813317611225
0.000393792998962763,11.6768950280305
0.000229964269789069,10.5690096230473
0.00195736144493332,22.9453998811141
0.00134994949397382,32.9520481916255
0.00172294745795773,0.721316574293394
0.000772678666189592,15.4673907682935
0.00106878822572814,20.696176671211
0.000241956946684204,37.8141067627097
0.00132036824394905,1.3761904347601
0.000327306776299337,40.5790300042939
0.00136695364451457,9.61521586608841
0.00176890903625722,10.6061952242198
0.00119604435576631,6.58994340399316
1.95836923538691e-05,12.7650283655856
0.000290705781396308,12.0476395605546
0.00138505899138507,37.1406140494401
0.000246712471315556,28.8917598040404
0.000414127393425263,21.5624906724476
0.000837615654736072,22.2345665219029
0.00134664897389343,4.82174095765561
4.97274964150327e-05,7.38522145461772
0.00101051871997505,1.04505384835989
0.000862342187351304,13.5264006774101
0.000933055226565079,37.1547669161468
0.00121642183177198,6.2617800552205
0.000611874373034699,11.4276746858959
0.000886279007119944,34.5641273998374
0.00115266639924744,5.40806122154651
0.000553452546967975,32.9171529324578
0.00104711594459596,23.4290858186317
0.0010826571370187,0.0763205178040555
0.000745375229126262,16.9516758165484
0.000554687391781662,16.9932351418608
0.000611067621536507,39.1880414560654
3.11271957960269e-05,30.9871849361558
0.00167357055563277,32.1070032314393
0.000510574630184494,13.4711848880385
0.0010230920789544,30.3455174006122
0.00101921416009622,6.38933302390711
7.27917029420197e-05,14.0226447489614
0.00167135946612812,9.34370259860163
0.000508879532419297,21.206556588435
0.00114260902465355,9.16632435846536
0.0011666674893907,33.4839810073551
0.00168010047352159,11.0379075196105
0.00133715000465127,16.8569149301323
0.00121858080159302,30.1105152355923
0.000768667024632937,31.0979397630788
0.000970472313920407,15.4853937682783
0.000270070955920431,16.8792754473547
0.00120971829216275,23.619890341269
0.00183184895950918,14.8844854937158
0.000184121026581028,7.06321801615724
0.00194978906648758,11.3116354432473
0.000944910007796994,19.7175501249741
0.000246590954160981,6.68627474112886
0.00163390422929004,28.4975946411283
0.000572441651630915,33.3331905405957
0.000634684572494675,15.2921511765864
0.0017192036910513,8.93139260637695
0.000298030422529714,22.5529363293365
0.000343977490053263,0.843424942095109
0.00166033611273049,33.7541138860243
0.000536174544757466,21.0785192776112
8.27308006250014e-05,28.005950442483
0.00173999249613144,22.6539698265152
0.00152219231043255,26.4669515265599
0.000620874023613655,40.3000277090456
0.000907563655606893,4.21337668446818
0.000991930185568172,7.61091882242734
0.00102682700012846,12.5011067632634
0.000554435129214564,30.5281118114051
0.00124456128102113,8.44893243890704
0.00141516683208575,34.4879746973113
0.00150992791576487,26.4894298846229
0.00107584629875379,4.83640277031891
0.000988667114513505,21.8287965637943
0.00177534748884279,15.0425482209194
0.000606697035379165,20.0569084198631
0.0017081579028717,26.3489875817382
0.000892561396596634,30.1060213134163
0.00196220012971064,3.94094962980166
0.000570570106953354,36.7292133477372
0.00125049218171018,13.2374981800941
0.000685134643705917,8.65085355221106
0.000412635478591198,25.5475584437179
0.000256556049382199,38.7095189599722
0.00155356715833161,35.9799636946486
0.000247418167342116,10.5879727873228
3.49301666682762e-05,12.5544046664489
0.00171874215125624,39.7602907397591
0.00134037393990272,4.93146604988807
0.000823526622647968,35.1162947034028
3.13359668075015e-05,33.1591902089104
0.000687220827841353,17.2027779958717
0.00183192536384101,6.38837223481758
0.00183592043448094,17.9812218462685
6.35159444795252e-05,0.539074843490389
0.000565599442145007,4.14135124188835
0.000859618507607155,18.3413712111252
4.00448809915607e-05,2.30789208238145
0.00192573410082877,14.9706099756389
0.000779298787734405,39.749229936052
0.000544558511015888,25.1994516592176
4.48558617542314e-06,26.2218846669879
0.000135397339146698,30.2470242690918
0.000487103026121451,15.2321971781743
0.00164676205445148,8.16975012587083
5.92732725872605e-05,0.664505219183684
0.000267654100635246,10.8541859433807
0.0011389227827234,39.0959308620299
0.000850136446912081,5.13433509657297
0.00117875257851171,13.7196570336089
0.000465336200698651,1.90670965266913
0.000352532940011848,19.7636368654648
0.000946026462087385,12.9307553198145
6.01936919066447e-05,31.716604450366
0.00163697310332896,9.39982296410404
0.00067050938633642,9.72275546891493
0.00167075137230629,39.6871638336931
0.000250659567291631,30.8691910293916
0.00173466440582999,20.5832065633392
0.00135541393334402,36.2532871462616
0.000177744985220707,28.5939589032675
0.00176541078526604,23.9569579912205
0.00183170604199511,28.0613126714403
0.000786566213118801,18.9253263843548
0.000843185656049977,16.3660125853966
0.00106406416256634,32.5177169668606
0.00170714609429606,18.5665581372477
0.000663232791332729,23.2063530075329
0.000230648037708257,18.3622736467458
0.000764253824667302,6.90674852589611
0.000323075196732811,9.52714575123238
0.000621588252938506,14.6075732261899
0.00184756351826613,27.5743891496025
0.000793071537590246,9.4076791652943
0.000329341290619575,19.0159215856984
0.000666557070604038,25.5211833291329
0.000402655937646298,7.39583057612499
0.00176880884295702,20.4746663262996
0.000387310719481776,33.9197519578905
0.000872364241319313,31.3824105908995
0.00188701286830906,14.1916937773485
0.00195405105431849,16.8915064897494
0.00163599418050078,38.3190664272687
0.0011189747601751,16.4976265758899
0.00087692036063148,3.94916478736973
0.00164341298202489,18.3770285828304
0.00153813691228842,2.07030989591268
0.00167247353822325,8.586657984072
0.000358648634917078,29.1294638736087
0.000836036690364162,33.2025478377051
0.00174307680587942,8.29168744080081
0.00162679104142834,23.9520344820023
0.000976308974048729,1.11732863299456
0.000639026929638183,37.3718860141519
0.00117487738268596,17.3506688281956
0.00135790888569402,28.0194009406709
0.00154915857203684,36.686386939923
0.000411281959681356,31.9729005442552
0.000767585059032543,11.7176662737886
0.00180041124089605,34.5124616604531
0.00168608984794199,24.3895959165683
0.00132475673734304,15.657951146066
0.0016403573589471,28.2935556870885
0.00110878778682921,33.0579030150185
0.00115623645555925,8.80503945018784
0.000217592509122892,29.5166724604041
0.000968570257444592,30.5904786407869
0.000310585024011957,37.4753007520942
0.00115035187848949,16.8207326327678
3.88865981010845e-05,30.9958464840673
0.000566933687262734,26.8182099760787
0.000420355840380854,30.6810373482006
0.000182325838591394,9.25351169888214
1.83015797469572e-05,31.780858730659
0.000330975996986235,18.9888755981342
0.000733156856180442,5.23448614117847
0.00146742233793304,19.1231193762475
0.00051500651572326,9.72772252471625
0.00157089935181938,22.7264403341076
9.12985440854728e-05,38.911167850332
0.00166199518437352,8.29511219022856
0.00193101937529344,16.1614102805712
0.00171881301057049,2.31982502948158
0.00150278436819893,34.2810268599205
0.000193893127336998,1.88169236787846
4.58364649462967e-06,28.5097335919665
0.00178429663413353,18.0947560338578
0.00158249171591879,28.2141707583652
0.00119110907892667,9.97548199258769
0.00126613589352197,39.2155503343412
0.00166125427629421,26.3161512334193
0.000380857083608222,34.4018950305022
0.00147334424675122,34.2456792842875
0.000412471016411566,19.5095467941421
0.00163142672377164,14.8137013275539
0.00181750347677147,23.8080734258702
0.000555894206403194,12.944356621713
0.00136041251519025,37.3035971808013
0.00188067789462069,16.5801709228168
0.000493032494286544,37.353700146918
0.00193039354556979,22.9226974853477
0.000292061721899255,11.7866827705428
0.000813527724076005,7.71052674647512
0.0011059193506995,1.93564060141597
0.00164789224118132,12.5482489119954
0.00119066301240605,35.8907536817135
0.00144590629811628,31.8529557505682
0.000270159027053551,32.2455529998225
0.000494746657859885,3.49184038926311
0.000769318152812143,34.9292322333177
0.00183678485434524,24.9616987701431
0.00163329291996272,33.078144243108
0.000689138427683128,2.83593648170644
9.11647352614685e-05,8.33313018433693
0.00194454908121973,11.9804100357045
0.00148606194431573,37.9977537322827
0.000194290355647978,14.1114159543387
0.00106684204091758,25.8064700873878
0.00167681561729127,19.959750331914
0.000440170098542257,1.63482677882497
0.0013046470888018,16.8463547038645
0.00126107766562945,15.6795792192274
0.00142459736406488,15.5561038389824
0.000217345302765234,10.8926457554412
0.0018617712597252,37.6203434296172
0.000439191129444518,21.0740918586409
0.000834431232316041,14.5149506852702
0.000139734229152083,28.4132784216017
0.000983131848355183,23.5448695943039
0.000387885954126787,18.9961101907841
0.00116143584501306,12.2537698487144
0.000430677677130259,10.1156058090169
0.000527974476643312,37.3481083207157
0.00172330930654606,36.7087748536262
0.000225719543253392,36.1443994737554
0.000999546012048658,17.0073514957042
0.0019249066109465,24.8231613178695
0.000700323598565533,15.7270607189082
0.00146820202952554,19.6294601964227
0.000813731134231915,6.25431086955422
0.000192056830445116,32.2756234679826
0.00158318809710377,30.3054786083819
0.000135354562249653,10.5852806712891
0.00191705496591793,38.3806930026045
0.000430971476478523,29.6086026106525
0.00122926395551797,24.7237889997696
0.000366670029682528,5.84404563553888
0.000531902227819529,7.30795431929693
0.000794069391082798,26.9787222932481
0.00039848519613992,12.0629216658942
0.000352261037619172,21.3675108560896
0.000923191259197579,26.8381457532877
0.00175465768596522,11.4878782535625
0.00140860609271329,20.9204577432052
0.000956124197024473,14.3307641735326
0.00164310314454703,32.9633034497595
0.000401855355117601,31.4826001268978
0.000552426299082263,28.5989133305597
0.000853602228123743,14.8553747733139
0.000189718610051132,14.7357202365365
0.000383598086034945,26.5153242354638
0.000465226129534188,25.1840981469484
0.00183572645003032,18.9208517646751
0.00116978721413615,0.0982029314106895
0.000967997070571276,25.2002495178198
0.00154470971702176,31.1463584893611
0.000678353138968846,0.19593160266484
0.000271022518777929,38.6025621050941
0.000672191239095969,37.6996516595544
0.00125544930740339,1.69032559258684
0.00135306850955806,13.3318421837102
0.00118840752565346,7.57647421359481
0.000306004674109076,17.2646591104523
0.000667657399723089,36.4835929542941
0.000547951752549414,37.1902570216396
0.00126704417830519,14.1080958113769
0.000508894575982367,9.66070097266705
0.00112774512720893,20.6034517200878
0.000921690857334784,1.68826295187848
4.28267275303657e-05,19.5350889288589
0.000690516828164349,5.13975807563269
0.000527143236635958,29.2371145391554
0.000574168983246671,22.6707875926411
0.000332131724056065,33.2436610566736
0.00181201315439165,10.4206601032036
0.000871072942600985,20.9658157410945
0.000210052861581917,22.4884851048881
0.00139822359061289,40.0225421791531
0.000439647682663542,5.62971189058861
0.000382150022834478,25.8359238980645
0.00101064557599569,3.29561464836274
4.87705694951687e-05,10.865542134921
0.00105123368729706,33.0616471029001
0.00023239341124631,27.7991795840859
0.00148437455341032,11.1189514216835
0.00113302132825834,0.910356892316261
0.000709797733422106,2.81572513035963
0.000995186158139077,5.87669845394328
0.00194534103791101,39.5432400856227
0.0014292233362138,5.97466542914011
0.00140034137869148,29.5336208568127
0.000749185654437218,20.5618420890053
0.000297985956564607,36.0469958588108
0.000347235321652701,22.0893953819597
0.000616205917302297,35.8045405162272
0.00123353757441724,36.8570370341709
0.00182030743512155,14.9792218331123
2.54453898124916e-05,23.9543307027957
0.000127153391453963,4.80697922451739
0.00135235665555675,40.1926338831393
0.00130981917829793,21.1434004109679
0.000265312831489443,33.4184214655669
0.00191417737116366,31.5047241672407
5.84785493426755e-05,28.2897678538242
0.00024887266796716,9.91613538380991
0.0016319971679136,35.8152343358386
0.00196165258487873,21.0479574051942
0.000135227360810695,5.82462897146703
0.00146270401128068,22.4614952734828
0.000771861300637171,21.6789347468527
0.00165245998514824,13.0833323514121
0.00124653738345547,26.3171758087865
0.000232981377808759,9.33640001648229
0.000413124750804009,28.9839702806843
0.00165423687971074,29.6023386524067
0.0019207438452131,15.5535699863783
0.00133409816422468,23.0059246616309
0.00097615573567369,5.36123906446707
0.00079087508301055,35.8646394016946
0.000670595346936162,28.0790783520138
0.00114409784858926,31.8986139832146
0.00127520857579401,29.3708333348095
0.000939257944437514,24.8081369988352
0.0018374303816169,20.3464976657279
0.00056549703431945,13.4821647897675
0.00175735963963048,15.9328077592701
0.000956968529485355,6.68430527117503
0.000928355371546389,7.16892790516173
4.7285166758339e-05,31.1240334058039
0.000856598611960896,5.0823531143288
0.000213096805031215,27.8893600420921
0.000563661794297658,33.3295351646772
0.00115018570800099,9.84556589283604
0.00180604444597324,6.05281488450102
0.00176861583062531,23.8911940360913
0.00136662164529096,32.286438697361
1.3091291291712e-05,36.7872140168312
0.00166858737284644,9.63474950953578
0.0017735698475537,31.7816701076353
0.000255383798123322,1.19553798384053
0.0010525059316601,26.7437911564918
0.00120519316062977,30.7559845961067
4.34151622858061e-05,31.6257952270331
0.000833022137707003,0.932290037692205
0.00168153902168445,19.7278187311348
0.000237466206720958,20.257290123588
0.00142534601244633,13.1767111071473
0.00180571084563955,7.93184066789678
0.00130682419949787,15.9686719299117
0.0013764843317704,21.6432692148965
0.000291523108467113,38.3049912533463
0.000542444069005405,25.1125453267949
0.00166293000360513,27.4262873246167
0.00194670731164401,10.3837317014042
